modzcta,modzcta_name,label,lat,lon,hospitalization_count_28day,hospitalization_rate_28day,death_count_28day,death_rate_28day,daterange
10001,Chelsea/NoMad/West Chelsea,"10001, 10118",40.750693,-73.997137,11,39.8,0,0.0,November 17-December 14
10002,Chinatown/Lower East Side,10002,40.715781,-73.986176,55,73.0,5,6.6,November 17-December 14
10003,East Village/Gramercy/Greenwich Village,10003,40.731825,-73.989164,21,38.9,,,November 17-December 14
10004,Financial District,10004,40.703675,-74.013106,1,,0,0.0,November 17-December 14
10005,Financial District,10005,40.706092,-74.008861,0,0.0,0,0.0,November 17-December 14
10006,Financial District,10006,40.709651,-74.013044,0,0.0,0,0.0,November 17-December 14
10007,TriBeCa,10007,40.713923,-74.007546,2,,0,0.0,November 17-December 14
10009,Alphabet City/East Village/Stuyvesant Town-Cooper Village,10009,40.72638,-73.978704,24,42.0,,,November 17-December 14
10010,Flatiron/Gramercy/Kips Bay,10010,40.739119,-73.982544,20,60.0,,,November 17-December 14
10011,Chelsea,10011,40.741707,-74.000062,13,26.1,,,November 17-December 14
10012,Greenwich Village/SoHo,10012,40.725576,-73.998078,9,38.9,0,0.0,November 17-December 14
10013,Hudson Square/Little Italy/SoHo/TriBeCa,10013,40.720096,-74.004763,8,27.8,0,0.0,November 17-December 14
10014,Hudson Square/Meatpacking District/West Village,10014,40.73402,-74.006314,11,36.3,,,November 17-December 14
10016,Kips Bay/Murray Hill/NoMad,10016,40.745174,-73.978319,19,37.3,,,November 17-December 14
10017,East Midtown/Murray Hill,10017,40.752543,-73.973037,2,,,,November 17-December 14
10018,Hell's Kitchen/Midtown Manhattan,10018,40.755191,-73.992667,2,,0,0.0,November 17-December 14
10019,Hell's Kitchen/Midtown Manhattan,"10019, 10020",40.76528,-73.985974,19,43.7,,,November 17-December 14
10021,Lenox Hill/Upper East Side,10021,40.769474,-73.958771,17,37.1,,,November 17-December 14
10022,East Midtown,10022,40.758676,-73.968098,16,51.8,0,0.0,November 17-December 14
10023,Lincoln Square,10023,40.775901,-73.982658,24,38.8,5,8.1,November 17-December 14
10024,Upper West Side,10024,40.792085,-73.974871,28,47.9,6,10.3,November 17-December 14
10025,Manhattan Valley/Morningside Heights/Upper West Side,10025,40.798651,-73.966585,46,50.2,7,7.6,November 17-December 14
10026,Central Harlem (South),10026,40.802341,-73.952521,30,77.6,0,0.0,November 17-December 14
10027,Central Harlem (South)/Morningside Heights/West Harlem,10027,40.8118,-73.953204,38,59.9,,,November 17-December 14
10028,Upper East Side/Yorkville,10028,40.776432,-73.953509,16,33.8,0,0.0,November 17-December 14
10029,East Harlem,10029,40.791777,-73.943969,74,94.6,5,6.4,November 17-December 14
10030,Central Harlem (North),10030,40.818326,-73.942842,22,75.2,0,0.0,November 17-December 14
10031,Hamilton Heights/West Harlem,10031,40.825278,-73.950037,34,57.6,,,November 17-December 14
10032,Washington Heights (South),10032,40.838768,-73.942824,31,49.2,,,November 17-December 14
10033,Washington Heights (North)/Washington Heights (South),10033,40.850497,-73.934007,27,46.1,0,0.0,November 17-December 14
10034,Inwood/Washington Heights (North),10034,40.867168,-73.924048,27,63.9,6,14.2,November 17-December 14
10035,East Harlem,10035,40.791,-73.924596,44,124.9,,,November 17-December 14
10036,Hell's Kitchen/Midtown Manhattan,10036,40.75916,-73.989705,15,55.1,0,0.0,November 17-December 14
10037,Central Harlem (North)/East Harlem,10037,40.812957,-73.937419,15,72.1,,,November 17-December 14
10038,Chinatown/Financial District,10038,40.709696,-74.002391,11,48.1,,,November 17-December 14
10039,Central Harlem (North)/Washington Heights (South),10039,40.830807,-73.936247,10,36.8,0,0.0,November 17-December 14
10040,Washington Heights (North),10040,40.85831,-73.93049,24,54.6,,,November 17-December 14
10044,Roosevelt Island,10044,40.761931,-73.949924,7,60.0,0,0.0,November 17-December 14
10065,Lenox Hill/Upper East Side,10065,40.764616,-73.963135,15,53.8,0,0.0,November 17-December 14
10069,Lincoln Square,10069,40.775924,-73.990256,2,,0,0.0,November 17-December 14
10075,Lenox Hill/Upper East Side,"10075, 10162",40.773132,-73.955884,13,56.4,,,November 17-December 14
10128,Upper East Side/Yorkville,10128,40.781466,-73.950226,26,44.4,,,November 17-December 14
10280,Battery Park City,10280,40.709318,-74.016654,3,,,,November 17-December 14
10282,Battery Park City,10282,40.716409,-74.015077,0,0.0,0,0.0,November 17-December 14
10301,Silver Lake/St. George,10301,40.628224,-74.096232,19,48.8,,,November 17-December 14
10302,Elm Park,10302,40.630598,-74.137891,10,54.1,0,0.0,November 17-December 14
10303,Graniteville/Mariner's Harbor/Port Ivory,10303,40.632135,-74.169166,21,79.2,,,November 17-December 14
10304,New Dorp/Todt Hill,10304,40.605985,-74.0943,28,66.8,,,November 17-December 14
10305,Arrochar/Midland Beach/Shore Acres/South Beach Ocean Breeze,10305,40.595474,-74.075437,28,65.3,,,November 17-December 14
10306,Lighthouse Hill/Midland Beach/New Dorp/Oakwood,10306,40.571571,-74.125541,28,53.0,,,November 17-December 14
10307,Tottenville,10307,40.507771,-74.24227,7,46.9,,,November 17-December 14
10308,Great Kills,10308,40.551574,-74.150454,10,33.5,,,November 17-December 14
10309,Charleston/Prince's Bay/Woodrow,10309,40.531355,-74.220574,16,48.6,,,November 17-December 14
10310,Port Richmond/Randall Manor/West Brighton,10310,40.632398,-74.11618,13,55.5,,,November 17-December 14
10312,Annadale/Rossville,10312,40.545128,-74.18169,31,50.8,,,November 17-December 14
10314,Bloomfield/Freshkills Park,10314,40.599333,-74.166462,39,42.2,8,8.6,November 17-December 14
10451,Concourse/Melrose,10451,40.820705,-73.923865,30,63.3,,,November 17-December 14
10452,Concourse/Highbridge,10452,40.837364,-73.923461,38,50.5,9,12.0,November 17-December 14
10453,Morris Heights/Mount Hope/University Heights,10453,40.852304,-73.913578,36,45.8,,,November 17-December 14
10454,Mott Haven/Port Morris,10454,40.805487,-73.916605,30,79.3,,,November 17-December 14
10455,Mott Haven,10455,40.8147,-73.908583,35,83.5,,,November 17-December 14
10456,Claremont/Morrisania,10456,40.829884,-73.908121,61,65.5,,,November 17-December 14
10457,Belmont/Claremont/Mount Hope/Tremont,10457,40.847151,-73.898676,51,69.2,6,8.1,November 17-December 14
10458,Belmont/Fordham University/Kingsbridge,10458,40.862531,-73.88817,53,64.1,,,November 17-December 14
10459,Charlotte Gardens/Hunts Point,10459,40.82584,-73.892976,33,68.9,,,November 17-December 14
10460,Charlotte Gardens/Tremont/Van Nest/West Farms,10460,40.841753,-73.879584,57,96.8,,,November 17-December 14
10461,Morris Park/Pelham Bay/Westchester Square,10461,40.847415,-73.840601,49,99.8,,,November 17-December 14
10462,Parkchester/Pelham Parkway/Van Nest/Westchester Square,10462,40.842874,-73.858772,58,77.0,,,November 17-December 14
10463,Kingsbridge/Marble Hill/Riverdale/Spuyten Duyvil,10463,40.880824,-73.906514,51,72.9,6,8.6,November 17-December 14
10464,City Island,10464,40.872311,-73.804653,2,,,,November 17-December 14
10465,Country Club/Throgs Neck,10465,40.823931,-73.822886,23,53.3,7,16.2,November 17-December 14
10466,Edenwald/Wakefield,10466,40.890965,-73.845912,45,63.1,,,November 17-December 14
10467,Allerton/Norwood/Pelham Parkway/Williamsbridge,10467,40.880939,-73.873956,83,81.3,6,5.9,November 17-December 14
10468,Fordham/Kingsbridge/University Heights,10468,40.868161,-73.899844,53,68.1,7,9.0,November 17-December 14
10469,Allerton/Baychester/Pelham Gardens/Williamsbridge,10469,40.86876,-73.846984,46,63.3,,,November 17-December 14
10470,Wakefield/Woodlawn,10470,40.895986,-73.86802,5,33.4,0,0.0,November 17-December 14
10471,Fieldston/North Riverdale/Riverdale,10471,40.899509,-73.901518,11,51.8,,,November 17-December 14
10472,Soundview,10472,40.829561,-73.869393,50,73.6,,,November 17-December 14
10473,Castle Hill/Clason Point/Soundview,10473,40.818135,-73.858718,49,82.9,,,November 17-December 14
10474,Hunts Point,10474,40.810595,-73.884618,9,75.2,0,0.0,November 17-December 14
10475,Co-op City/Edenwald,10475,40.868941,-73.824854,30,70.2,5,11.7,November 17-December 14
11004,Bellerose/Douglaston-Little Neck,"11004, 11005",40.748068,-73.710907,9,47.5,,,November 17-December 14
11101,Astoria (South)/Long Island City/Sunnyside,11101,40.747077,-73.938586,22,59.7,,,November 17-December 14
11102,Astoria (North),11102,40.772498,-73.925912,24,79.9,,,November 17-December 14
11103,Astoria (North)/Astoria (South),11103,40.762536,-73.913541,17,48.7,,,November 17-December 14
11104,Sunnyside,11104,40.744658,-73.920205,13,51.1,,,November 17-December 14
11105,Ditmars Steinway,11105,40.778969,-73.906286,20,55.3,0,0.0,November 17-December 14
11106,Astoria (South),11106,40.761792,-73.931771,26,69.5,,,November 17-December 14
11109,Long Island City,11109,40.746211,-73.956999,0,0.0,0,0.0,November 17-December 14
11201,Brooklyn Heights/DUMBO/Downtown Brooklyn,11201,40.694609,-73.989581,16,25.7,,,November 17-December 14
11203,East Flatbush (North)/East Flatbush (South),11203,40.649576,-73.934363,38,51.8,5,6.8,November 17-December 14
11204,Bensonhurst/Mapleton,11204,40.618774,-73.984824,53,68.8,,,November 17-December 14
11205,Bedford-Stuyvesant (West)/Clinton Hill/Fort Greene,11205,40.694625,-73.966212,19,41.9,,,November 17-December 14
11206,Williamsburg (South),11206,40.701957,-73.942361,63,72.7,,,November 17-December 14
11207,Cypress Hills/East New York,11207,40.670819,-73.894255,44,49.4,5,5.6,November 17-December 14
11208,Cypress Hills/East New York,11208,40.668385,-73.871084,59,61.7,,,November 17-December 14
11209,Bay Ridge/Fort Hamilton,11209,40.621811,-74.030011,29,43.0,8,11.8,November 17-December 14
11210,Flatlands/Midwood,11210,40.628165,-73.946316,44,67.0,,,November 17-December 14
11211,East Williamsburg/Williamsburg (North)/Williamsburg (South),"11211, 11249",40.712334,-73.953851,28,27.5,0,0.0,November 17-December 14
11212,Ocean Hill-Brownsville,11212,40.662935,-73.913011,41,55.4,,,November 17-December 14
11213,Crown Heights (East),11213,40.671074,-73.93633,30,46.4,,,November 17-December 14
11214,Bath Beach/Bensonhurst/Gravesend,11214,40.598729,-73.99621,61,65.7,8,8.6,November 17-December 14
11215,Gowanus/Park Slope/Windsor Terrace,11215,40.66252,-73.986872,23,33.0,,,November 17-December 14
11216,Bedford-Stuyvesant (West)/Crown Heights (West),11216,40.680785,-73.94931,24,43.8,0,0.0,November 17-December 14
11217,Boerum Hill/Park Slope,"11217, 11243",40.682417,-73.97938,19,46.5,,,November 17-December 14
11218,Kensington/Windsor Terrace,11218,40.64348,-73.976044,47,63.5,7,9.5,November 17-December 14
11219,Borough Park,11219,40.632662,-73.996666,69,76.6,6,6.7,November 17-December 14
11220,Sunset Park,11220,40.641081,-74.016495,43,45.5,,,November 17-December 14
11221,Bedford-Stuyvesant (East)/Bushwick,11221,40.691339,-73.927885,53,65.1,,,November 17-December 14
11222,Greenpoint,11222,40.728292,-73.947562,11,30.5,,,November 17-December 14
11223,Gravesend/Homecrest,11223,40.597169,-73.973422,34,41.7,,,November 17-December 14
11224,Brighton Beach/Coney Island/Seagate,11224,40.57666,-73.988581,55,118.9,11,23.8,November 17-December 14
11225,Crown Heights (West)/Prospect Lefferts Gardens,11225,40.663056,-73.954226,18,31.3,,,November 17-December 14
11226,Flatbush/Prospect Lefferts Gardens,11226,40.646456,-73.956654,63,64.7,13,13.4,November 17-December 14
11228,Bath Beach/Dyker Heights,11228,40.616715,-74.013054,35,77.8,,,November 17-December 14
11229,Gerritsen Beach/Homecrest/Sheepshead Bay,11229,40.601175,-73.944465,51,61.1,8,9.6,November 17-December 14
11230,Midwood,11230,40.622164,-73.965096,73,82.1,7,7.9,November 17-December 14
11231,Carroll Gardens/Cobble Hill/Red Hook,11231,40.677562,-74.004445,14,37.5,,,November 17-December 14
11232,Sunset Park,11232,40.655984,-74.005304,5,18.5,0,0.0,November 17-December 14
11233,Bedford-Stuyvesant (East)/Ocean Hill-Brownsville,11233,40.678302,-73.919931,38,51.1,,,November 17-December 14
11234,Bergen Beach/Flatlands/Marine Park/Mill Basin,11234,40.60758,-73.910513,54,57.4,,,November 17-December 14
11235,Brighton Beach/Manhattan Beach/Sheepshead Bay,11235,40.583915,-73.949669,72,92.1,15,19.2,November 17-December 14
11236,Canarsie,11236,40.640004,-73.901459,59,60.8,8,8.2,November 17-December 14
11237,Bushwick/East Williamsburg,11237,40.704153,-73.920883,27,56.2,,,November 17-December 14
11238,Clinton Hill/Prospect Heights,11238,40.679179,-73.963804,15,28.0,,,November 17-December 14
11239,East New York,11239,40.64753,-73.882398,21,161.3,,,November 17-December 14
11354,Flushing/Murray Hill,11354,40.76863,-73.827229,41,76.0,9,16.7,November 17-December 14
11355,Flushing/Murray Hill/Queensboro Hill,11355,40.751459,-73.821014,47,59.6,7,8.9,November 17-December 14
11356,College Point,11356,40.784867,-73.841495,19,83.3,0,0.0,November 17-December 14
11357,Whitestone,11357,40.78639,-73.810964,21,54.2,7,18.1,November 17-December 14
11358,Auburndale/Murray Hill,11358,40.760475,-73.79637,21,58.3,,,November 17-December 14
11360,Bayside (North),11360,40.78205,-73.7808,11,57.8,,,November 17-December 14
11361,Bayside (North)/Bayside (South),11361,40.763748,-73.772419,11,41.7,0,0.0,November 17-December 14
11362,Douglaston-Little Neck,11362,40.756533,-73.736995,9,49.7,,,November 17-December 14
11363,Douglaston-Little Neck,11363,40.772803,-73.746444,0,0.0,0,0.0,November 17-December 14
11364,Bayside (South)/Oakland Gardens,11364,40.745279,-73.760578,14,39.2,,,November 17-December 14
11365,Auburndale/Fresh Meadows/Pomonok/Utopia,11365,40.739775,-73.794806,19,43.4,6,13.7,November 17-December 14
11366,Fresh Meadows/Hillcrest,11366,40.728136,-73.784981,7,49.3,0,0.0,November 17-December 14
11367,Kew Gardens Hills/Pomonok,11367,40.730383,-73.826297,18,44.3,,,November 17-December 14
11368,Corona/North Corona,11368,40.749594,-73.852604,70,63.4,8,7.2,November 17-December 14
11369,Airport/East Elmhurst,11369,40.768944,-73.872812,16,47.6,,,November 17-December 14
11370,Jackson Heights/Rikers Island,11370,40.763466,-73.891021,14,44.1,0,0.0,November 17-December 14
11372,Jackson Heights,11372,40.75169,-73.883634,38,62.6,7,11.5,November 17-December 14
11373,Elmhurst,11373,40.738823,-73.8785,61,66.6,,,November 17-December 14
11374,Rego Park,11374,40.726441,-73.861497,27,65.2,,,November 17-December 14
11375,Forest Hills,11375,40.720931,-73.846184,29,40.7,,,November 17-December 14
11377,Woodside,11377,40.744823,-73.90516,48,57.1,5,5.9,November 17-December 14
11378,Maspeth,11378,40.724768,-73.909399,13,36.0,,,November 17-December 14
11379,Middle Village,11379,40.716758,-73.879597,17,46.4,7,19.1,November 17-December 14
11385,Glendale/Ridgewood,11385,40.701058,-73.890159,48,46.3,0,0.0,November 17-December 14
11411,Cambria Heights,11411,40.694202,-73.735998,9,42.1,0,0.0,November 17-December 14
11412,St. Albans,11412,40.698095,-73.758984,22,57.7,,,November 17-December 14
11413,Laurelton/Rosedale,11413,40.669738,-73.750842,26,60.2,,,November 17-December 14
11414,Hamilton Beach/Howard Beach/Lindenwood,11414,40.658266,-73.844905,14,49.4,,,November 17-December 14
11415,Kew Gardens,11415,40.708323,-73.828212,11,58.3,,,November 17-December 14
11416,Ozone Park,11416,40.684652,-73.849549,12,45.5,,,November 17-December 14
11417,Ozone Park,11417,40.676457,-73.844522,14,45.1,,,November 17-December 14
11418,Richmond Hill,11418,40.700236,-73.836062,16,42.6,,,November 17-December 14
11419,Richmond Hill/South Ozone Park,11419,40.688676,-73.822901,32,66.0,,,November 17-December 14
11420,South Ozone Park,11420,40.673518,-73.817812,26,54.4,,,November 17-December 14
11421,Woodhaven,11421,40.69405,-73.85867,18,44.9,,,November 17-December 14
11422,Rosedale,11422,40.660819,-73.73608,14,43.2,,,November 17-December 14
11423,Hollis/Holliswood,11423,40.71491,-73.767865,18,57.8,0,0.0,November 17-December 14
11426,Bellerose,11426,40.736521,-73.722384,11,54.6,,,November 17-December 14
11427,Bellerose/Hollis Hills/Holliswood,11427,40.730915,-73.745611,14,59.4,0,0.0,November 17-December 14
11428,Queens Village,11428,40.721015,-73.742206,14,75.3,,,November 17-December 14
11429,Queens Village,11429,40.709772,-73.738731,16,57.5,,,November 17-December 14
11432,Hillcrest/Jamaica Estates/Jamaica Hills,11432,40.715359,-73.793064,41,67.5,6,9.9,November 17-December 14
11433,Jamaica,11433,40.69823,-73.787095,27,73.9,,,November 17-December 14
11434,Airport/South Jamaica/Springfield Gardens/St. Albans,11434,40.656866,-73.783386,39,58.4,,,November 17-December 14
11435,Briarwood/Jamaica,11435,40.701291,-73.809618,38,65.1,5,8.6,November 17-December 14
11436,South Jamaica/South Ozone Park,11436,40.675819,-73.796618,10,49.9,,,November 17-December 14
11691,Edgemere/Far Rockaway,11691,40.60133,-73.761357,55,82.3,6,9.0,November 17-December 14
11692,Arverne/Edgemere,11692,40.592794,-73.792203,13,61.8,0,0.0,November 17-December 14
11693,Arverne/Broad Channel,11693,40.603699,-73.821926,3,,,,November 17-December 14
11694,Belle Harbor-Neponsit/Rockaway Park,11694,40.577599,-73.844553,10,48.1,,,November 17-December 14
11697,Breezy Point,11697,40.55907,-73.907199,1,,0,0.0,November 17-December 14
